{
  "MAA": {
    "name": "Chennai",
    "lng": 80.1694,
    "lat": 12.9941
  },
  "LHR": {
    "name": "London Heathrow",
    "lng": -0.4543,
    "lat": 51.47
  },
  "BAW": {
    "name": "London Heathrow",
    "lng": -0.4543,
    "lat": 51.47
  },
  "BOS": {
    "name": "Boston Logan",
    "lng": -71.0096,
    "lat": 42.3643
  },
  "JFK": {
    "name": "New York JFK",
    "lng": -73.7781,
    "lat": 40.6413
  },
  "SFO": {
    "name": "San Francisco",
    "lng": -122.3789,
    "lat": 37.6213
  },
  "LAX": {
    "name": "Los Angeles",
    "lng": -118.4085,
    "lat": 33.9425
  },
  "ORD": {
    "name": "Chicago O'Hare",
    "lng": -87.9073,
    "lat": 41.9742
  },
  "DFW": {
    "name": "Dallas Fort Worth",
    "lng": -97.0404,
    "lat": 32.8998
  },
  "IAH": {
    "name": "Houston Bush",
    "lng": -95.3414,
    "lat": 29.9902
  },
  "SEA": {
    "name": "Seattle Tacoma",
    "lng": -122.3083,
    "lat": 47.4502
  },
  "ATL": {
    "name": "Atlanta Hartsfield",
    "lng": -84.4277,
    "lat": 33.6407
  },
  "MIA": {
    "name": "Miami",
    "lng": -80.287,
    "lat": 25.7959
  },
  "EWR": {
    "name": "Newark",
    "lng": -74.1745,
    "lat": 40.6895
  },
  "DEN": {
    "name": "Denver",
    "lng": -104.6737,
    "lat": 39.8561
  },
  "SCL": {
    "name": "Santiago",
    "lng": -70.7857,
    "lat": -33.3928
  },
  "EZE": {
    "name": "Buenos Aires Ezeiza",
    "lng": -58.5358,
    "lat": -34.8222
  },
  "MVD": {
    "name": "Montevideo",
    "lng": -56.0308,
    "lat": -34.8384
  },
  "LIM": {
    "name": "Lima",
    "lng": -77.1143,
    "lat": -12.0219
  },
  "GRU": {
    "name": "Sao Paulo Guarulhos",
    "lng": -46.473,
    "lat": -23.4306
  },
  "VVI": {
    "name": "Santa Cruz Viru Viru",
    "lng": -63.1319,
    "lat": -17.644
  },
  "CDG": {
    "name": "Paris CDG",
    "lng": 2.5479,
    "lat": 49.0097
  },
  "ORY": {
    "name": "Paris Orly",
    "lng": 2.3794,
    "lat": 48.7262
  },
  "AMS": {
    "name": "Amsterdam Schiphol",
    "lng": 4.9006,
    "lat": 52.3105
  },
  "FRA": {
    "name": "Frankfurt",
    "lng": 8.5622,
    "lat": 50.0379
  },
  "MUC": {
    "name": "Munich",
    "lng": 11.7861,
    "lat": 48.3537
  },
  "DUB": {
    "name": "Dublin",
    "lng": -6.2499,
    "lat": 53.4213
  },
  "MAN": {
    "name": "Manchester UK",
    "lng": -2.275,
    "lat": 53.3537
  },
  "EDI": {
    "name": "Edinburgh",
    "lng": -3.3644,
    "lat": 55.95
  },
  "GLA": {
    "name": "Glasgow",
    "lng": -4.4333,
    "lat": 55.8642
  },
  "LGW": {
    "name": "London Gatwick",
    "lng": -0.1903,
    "lat": 51.1481
  },
  "STN": {
    "name": "London Stansted",
    "lng": 0.235,
    "lat": 51.8847
  },
  "LCY": {
    "name": "London City",
    "lng": 0.0569,
    "lat": 51.47
  },
  "NRT": {
    "name": "Tokyo Narita",
    "lng": 140.3929,
    "lat": 35.772
  },
  "HND": {
    "name": "Tokyo Haneda",
    "lng": 139.6523,
    "lat": 35.5494
  },
  "SYD": {
    "name": "Sydney",
    "lng": 151.1753,
    "lat": -33.9399
  },
  "MEL": {
    "name": "Melbourne",
    "lng": 144.7081,
    "lat": -37.669
  },
  "SIN": {
    "name": "Singapore Changi",
    "lng": 103.9915,
    "lat": 1.3644
  },
  "HKG": {
    "name": "Hong Kong",
    "lng": 113.9186,
    "lat": 22.308
  },
  "PEK": {
    "name": "Beijing Capital",
    "lng": 116.5977,
    "lat": 40.0799
  },
  "PVG": {
    "name": "Shanghai Pudong",
    "lng": 121.8053,
    "lat": 31.1443
  },
  "ICN": {
    "name": "Seoul Incheon",
    "lng": 126.4506,
    "lat": 37.4602
  },
  "BKK": {
    "name": "Bangkok Suvarnabhumi",
    "lng": 100.7469,
    "lat": 13.6999
  },
  "KUL": {
    "name": "Kuala Lumpur",
    "lng": 101.6933,
    "lat": 2.7456
  },
  "DXB": {
    "name": "Dubai",
    "lng": 55.3644,
    "lat": 25.2532
  },
  "AUH": {
    "name": "Abu Dhabi",
    "lng": 54.6511,
    "lat": 24.433
  },
  "DOH": {
    "name": "Doha Hamad",
    "lng": 51.6138,
    "lat": 25.2609
  },
  "CAI": {
    "name": "Cairo",
    "lng": 31.4036,
    "lat": 30.1219
  },
  "JNB": {
    "name": "Johannesburg",
    "lng": 28.2413,
    "lat": -26.1367
  },
  "LOS": {
    "name": "Lagos",
    "lng": 3.3212,
    "lat": 6.5773
  },
  "NBO": {
    "name": "Nairobi Jomo Kenyatta",
    "lng": 36.9279,
    "lat": -1.3192
  },
  "CAY": {
    "name": "Cayenne",
    "lng": -52.3634,
    "lat": 4.8194
  },
  "GEO": {
    "name": "Georgetown",
    "lng": -58.2539,
    "lat": 6.4986
  },
  "POS": {
    "name": "Port of Spain",
    "lng": -61.3375,
    "lat": 10.5953
  },
  "BGI": {
    "name": "Barbados",
    "lng": -59.4925,
    "lat": 13.0746
  },
  "PUJ": {
    "name": "Punta Cana",
    "lng": -68.3664,
    "lat": 18.5714
  },
  "POP": {
    "name": "Puerto Plata",
    "lng": -70.6,
    "lat": 19.7578
  },
  "SDQ": {
    "name": "Santo Domingo",
    "lng": -69.6689,
    "lat": 18.4297
  },
  "KIN": {
    "name": "Kingston",
    "lng": -76.7878,
    "lat": 17.9357
  },
  "MBJ": {
    "name": "Montego Bay",
    "lng": -77.9139,
    "lat": 18.5036
  },
  "HAV": {
    "name": "Havana",
    "lng": -82.4091,
    "lat": 22.9892
  },
  "VRA": {
    "name": "Varadero",
    "lng": -81.4356,
    "lat": 23.1517
  },
  "YYZ": {
    "name": "Toronto Pearson",
    "lng": -79.624,
    "lat": 43.6777
  },
  "YVR": {
    "name": "Vancouver",
    "lng": -123.1219,
    "lat": 49.1939
  },
  "YUL": {
    "name": "Montreal",
    "lng": -73.7408,
    "lat": 45.4617
  },
  "YYC": {
    "name": "Calgary",
    "lng": -114.0131,
    "lat": 51.1214
  },
  "YEG": {
    "name": "Edmonton",
    "lng": -113.5801,
    "lat": 53.3097
  },
  "SJC": {
    "name": "San Jose CA",
    "lng": -121.9289,
    "lat": 37.3639
  },
  "OAK": {
    "name": "Oakland",
    "lng": -122.2192,
    "lat": 37.7275
  },
  "SAN": {
    "name": "San Diego",
    "lng": -117.1899,
    "lat": 32.7338
  },
  "PHX": {
    "name": "Phoenix",
    "lng": -112.0121,
    "lat": 33.4484
  },
  "LAS": {
    "name": "Las Vegas",
    "lng": -115.1487,
    "lat": 36.084
  },
  "PDX": {
    "name": "Portland OR",
    "lng": -122.5966,
    "lat": 45.5887
  },
  "MSP": {
    "name": "Minneapolis",
    "lng": -93.2217,
    "lat": 44.8848
  },
  "DTW": {
    "name": "Detroit",
    "lng": -83.3534,
    "lat": 42.2124
  },
  "BWI": {
    "name": "Baltimore",
    "lng": -76.6683,
    "lat": 39.1754
  },
  "IAD": {
    "name": "Washington Dulles",
    "lng": -77.4558,
    "lat": 38.9534
  },
  "PHL": {
    "name": "Philadelphia",
    "lng": -75.2421,
    "lat": 39.8744
  },
  "CLT": {
    "name": "Charlotte",
    "lng": -80.9411,
    "lat": 35.214
  },
  "MCO": {
    "name": "Orlando",
    "lng": -81.303,
    "lat": 28.4312
  },
  "TPA": {
    "name": "Tampa",
    "lng": -82.5334,
    "lat": 27.9756
  },
  "RSW": {
    "name": "Fort Myers",
    "lng": -81.8072,
    "lat": 26.5362
  },
  "RDU": {
    "name": "Raleigh Durham",
    "lng": -78.7225,
    "lat": 35.8776
  },
  "BNA": {
    "name": "Nashville",
    "lng": -86.6682,
    "lat": 36.1267
  },
  "STL": {
    "name": "St Louis",
    "lng": -90.37,
    "lat": 38.7487
  },
  "MCI": {
    "name": "Kansas City",
    "lng": -94.7149,
    "lat": 39.2975
  },
  "CLE": {
    "name": "Cleveland",
    "lng": -81.8497,
    "lat": 41.4058
  },
  "CVG": {
    "name": "Cincinnati",
    "lng": -84.6678,
    "lat": 39.0481
  },
  "IND": {
    "name": "Indianapolis",
    "lng": -86.1753,
    "lat": 39.7174
  },
  "HOU": {
    "name": "Houston Hobby",
    "lng": -95.2789,
    "lat": 29.6455
  },
  "SAT": {
    "name": "San Antonio",
    "lng": -98.4691,
    "lat": 29.3949
  },
  "ELP": {
    "name": "El Paso",
    "lng": -106.3776,
    "lat": 31.8112
  },
  "ABQ": {
    "name": "Albuquerque",
    "lng": -106.6169,
    "lat": 35.0402
  },
  "TUS": {
    "name": "Tucson",
    "lng": -110.941,
    "lat": 32.116
  },
  "ANC": {
    "name": "Anchorage",
    "lng": -149.9962,
    "lat": 61.1743
  },
  "FCO": {
    "name": "Rome Fiumicino",
    "lng": 12.2389,
    "lat": 41.8003
  },
  "MXP": {
    "name": "Milan Malpensa",
    "lng": 8.7341,
    "lat": 45.6306
  },
  "VCE": {
    "name": "Venice Marco Polo",
    "lng": 12.2389,
    "lat": 45.5053
  },
  "NCE": {
    "name": "Nice",
    "lng": 7.2159,
    "lat": 43.6584
  },
  "BCN": {
    "name": "Barcelona",
    "lng": 2.071,
    "lat": 41.2971
  },
  "MAD": {
    "name": "Madrid Barajas",
    "lng": -3.5686,
    "lat": 40.4983
  },
  "LIS": {
    "name": "Lisbon",
    "lng": -9.1359,
    "lat": 38.7749
  },
  "OPO": {
    "name": "Porto",
    "lng": -8.6282,
    "lat": 41.2355
  },
  "FAO": {
    "name": "Faro",
    "lng": -7.9659,
    "lat": 37.0144
  },
  "AGP": {
    "name": "Malaga",
    "lng": -4.4992,
    "lat": 36.6751
  },
  "IBZ": {
    "name": "Ibiza",
    "lng": 1.3732,
    "lat": 38.8729
  },
  "PMI": {
    "name": "Palma de Mallorca",
    "lng": 2.7376,
    "lat": 39.5517
  },
  "ARN": {
    "name": "Stockholm Arlanda",
    "lng": 17.9237,
    "lat": 59.6519
  },
  "CPH": {
    "name": "Copenhagen",
    "lng": 12.6561,
    "lat": 55.6186
  },
  "OSL": {
    "name": "Oslo",
    "lng": 11.1004,
    "lat": 60.1939
  },
  "HEL": {
    "name": "Helsinki",
    "lng": 24.9632,
    "lat": 60.3172
  },
  "WAW": {
    "name": "Warsaw",
    "lng": 20.9671,
    "lat": 52.1657
  },
  "PRG": {
    "name": "Prague",
    "lng": 14.265,
    "lat": 50.1008
  },
  "VIE": {
    "name": "Vienna",
    "lng": 16.5692,
    "lat": 48.1102
  },
  "BUD": {
    "name": "Budapest",
    "lng": 19.2556,
    "lat": 47.4369
  },
  "KBP": {
    "name": "Kyiv Boryspil",
    "lng": 30.8947,
    "lat": 50.345
  },
  "SVO": {
    "name": "Moscow Sheremetyevo",
    "lng": 37.4146,
    "lat": 55.9726
  },
  "IST": {
    "name": "Istanbul",
    "lng": 28.7516,
    "lat": 41.0082
  },
  "GYD": {
    "name": "Baku",
    "lng": 50.1126,
    "lat": 40.4675
  },
  "COK": {
    "name": "Kochi",
    "lng": 76.3989,
    "lat": 10.1518
  },
  "BLR": {
    "name": "Bangalore",
    "lng": 77.6685,
    "lat": 12.9576
  },
  "HYD": {
    "name": "Hyderabad",
    "lng": 78.4298,
    "lat": 17.2403
  },
  "DEL": {
    "name": "Delhi",
    "lng": 77.1025,
    "lat": 28.5562
  },
  "BOM": {
    "name": "Mumbai",
    "lng": 72.8679,
    "lat": 19.0896
  },
  "CCU": {
    "name": "Kolkata",
    "lng": 88.4466,
    "lat": 22.6544
  },
  "GOI": {
    "name": "Goa",
    "lng": 73.8319,
    "lat": 15.3803
  },
  "VTE": {
    "name": "Vientiane",
    "lng": 102.563,
    "lat": 17.9883
  },
  "RGN": {
    "name": "Yangon",
    "lng": 96.1332,
    "lat": 16.9071
  },
  "KBV": {
    "name": "Krabi",
    "lng": 98.9193,
    "lat": 8.0991
  },
  "HKT": {
    "name": "Phuket",
    "lng": 98.3053,
    "lat": 8.1132
  },
  "NST": {
    "name": "Nakhon Si Thammarat",
    "lng": 99.7632,
    "lat": 8.5392
  },
  "DMK": {
    "name": "Bangkok Don Mueang",
    "lng": 100.6068,
    "lat": 13.9125
  },
  "SJO": {
    "name": "San Jose Costa Rica",
    "lng": -84.2089,
    "lat": 9.9939
  },
  "CMH": {
    "name": "Columbus",
    "lng": -82.8919,
    "lat": 40.0144
  },
  "AUS": {
    "name": "Austin Bergstrom",
    "lng": -97.6671,
    "lat": 30.1944
  },
  "BRU": {
    "name": "Brussels",
    "lng": 4.7683,
    "lat": 50.9014
  },
  "BSL": {
    "name": "Basel Mulhouse",
    "lng": 7.5291,
    "lat": 47.5986
  },
  "SOU": {
    "name": "Southampton",
    "lng": -1.3568,
    "lat": 50.9503
  },
  "VLC": {
    "name": "Valencia",
    "lng": -0.4817,
    "lat": 39.4853
  }
}